method,k,val_accuracy,val_precision,val_recall,val_f1,val_tp,val_tn,val_fp,val_fn,val_samples,val_roc_auc,val_pr_auc,val_predicted_positive,test_accuracy,test_precision,test_recall,test_f1,test_tp,test_tn,test_fp,test_fn,test_samples,test_roc_auc,test_pr_auc,test_predicted_positive
kmer_logistic_regression,6.0,0.8010827318156579,0.7917675544794189,0.8170460855080511,0.8042082251673727,2943.0,2828.0,774.0,659.0,7204.0,0.8860143402348193,0.896081652215226,3717.0,0.7876817792985458,0.7636819821232554,0.8331907613344739,0.796923580428735,4870.0,4338.0,1507.0,975.0,11690.0,0.8804257987751736,0.8889148046466349,6377.0
