method,k,val_accuracy,val_precision,val_recall,val_f1,val_tp,val_tn,val_fp,val_fn,val_samples,val_roc_auc,val_pr_auc,val_predicted_positive,test_accuracy,test_precision,test_recall,test_f1,test_tp,test_tn,test_fp,test_fn,test_samples,test_roc_auc,test_pr_auc,test_predicted_positive
kmer_logistic_regression,6.0,0.7984453081621321,0.7910124526258798,0.8112159911160466,0.800986842105263,2922.0,2830.0,772.0,680.0,7204.0,0.8874739063158508,0.8980500109678243,3694.0,0.793327630453379,0.7634045168228607,0.8501283147989734,0.8044358102638821,4969.0,4305.0,1540.0,876.0,11690.0,0.8853998614039184,0.8931261522381272,6509.0
