method,k,val_accuracy,val_precision,val_recall,val_f1,val_tp,val_tn,val_fp,val_fn,val_samples,val_roc_auc,val_pr_auc,val_predicted_positive,test_accuracy,test_precision,test_recall,test_f1,test_tp,test_tn,test_fp,test_fn,test_samples,test_roc_auc,test_pr_auc,test_predicted_positive
kmer_logistic_regression,5.0,0.8346751804553026,0.8331030671456203,0.8370349805663521,0.8350643955130869,3015.0,2998.0,604.0,587.0,7204.0,0.9175318573400366,0.9235301829004683,3619.0,0.8255774165953806,0.79734375,0.8730538922155688,0.8334830543078808,5103.0,4548.0,1297.0,742.0,11690.0,0.9144482244114972,0.917650844091412,6400.0
